user_category_id,label
1,False
2,False
3,True
4,True
5,False
6,False
7,True
9,False
13,False
14,False
15,False
16,False
17,False
18,True
19,True
21,False
22,False
25,True
27,True
29,False
31,False
32,False
33,False
35,False
37,False
38,False
41,False
42,True
43,False
46,False
49,False
52,True
70,False
71,False
72,False
73,False
74,True
75,True
76,False
79,False
81,False
98,True
99,True
103,False
104,False
105,True
108,False
118,False
126,False
131,True
140,False
144,False
155,False
158,True
165,False
174,True
175,True
176,True
206,False
213,False
214,False
215,False
216,False
217,False
218,False
221,False
222,False
223,False
224,False
225,True
227,False
228,False
229,True
231,False
234,False
262,True
263,True
264,True
265,True
266,True
269,True
270,True
271,True
275,True
284,True
300,False
302,True
310,False
317,False
318,False
319,False
320,False
321,False
322,False
323,False
324,False
325,False
326,False
327,False
328,False
329,False
330,False
331,False
332,False
333,False
334,False
335,False
336,False
337,False
338,False
339,False
340,True
341,False
342,False
343,False
344,False
345,False
348,False
349,False
360,False
364,True
368,True
369,True
370,True
371,True
372,True
375,True
376,False
377,True
379,False
382,False
383,False
384,False
385,True
380,False
387,True
389,False
390,True
391,False
395,False
397,False
404,False
424,False
426,False
427,False
428,False
429,False
430,False
431,False
433,True
434,False
435,False
436,False
437,True
438,False
439,False
440,False
441,True
442,False
443,True
445,False
446,True
447,True
449,False
450,True
451,True
454,True
464,False
466,True
467,True
469,True
471,False
472,False
473,True
478,False
489,False
490,False
491,False
492,False
493,False
494,False
496,False
497,False
498,False
499,False
500,False
501,False
502,False
503,False
504,False
505,False
506,False
507,False
508,False
509,False
510,False
511,False
512,False
513,False
514,False
515,False
517,False
518,True
519,False
520,True
521,False
523,False
524,True
526,False
527,True
528,False
529,False
530,True
531,True
532,False
535,False
536,True
539,True
541,False
544,False
545,True
546,False
557,True
568,False
570,False
571,False
572,False
573,False
574,False
575,True
577,False
579,False
580,False
581,False
582,False
589,True
610,False
615,False
616,False
619,False
653,False
656,False
658,False
662,True
663,False
664,False
665,True
669,True
670,False
671,False
672,True
673,True
675,True
676,True
677,False
678,True
680,True
681,False
682,False
683,True
684,True
685,True
686,True
689,False
693,True
694,True
697,False
698,False
699,True
700,False
702,False
704,False
706,False
707,False
715,False
718,True
723,False
740,False
744,False
745,True
753,False
773,False
775,False
777,True
778,False
789,False
809,False
825,False
827,True
829,True
830,False
831,False
832,False
834,False
835,True
836,False
838,False
840,True
843,False
847,False
854,False
855,False
857,False
877,False
885,False
887,True
894,True
896,False
903,True
908,False
910,False
949,False
954,False
961,False
965,False
966,False
978,False
982,False
994,False
1004,True
1016,True
1017,True
1021,True
1022,True
1023,True
1029,True
1045,False
1051,False
1052,False
1054,False
1055,False
1056,False
1057,False
1058,False
1063,False
1064,True
1065,False
1066,True
1067,True
1068,False
1087,False
1088,False
1089,True
1090,True
1091,False
1092,False
1093,True
1094,True
1096,True
1097,True
1099,True
1100,True
1101,True
1103,True
1104,True
1108,True
1118,True
1129,True
1130,True
1131,True
1132,True
1135,True
1136,False
1140,True
1141,True
1142,True
1144,True
1148,True
1150,True
1151,True
1152,True
1154,True
1155,True
1157,True
1178,False
1186,False
1189,False
1190,False
1191,True
1216,False
1218,False
1238,False
1241,True
1251,True
1266,True
1267,True
1268,False
1269,False
1276,False
1277,False
1278,False
1280,False
1281,False
1286,True
1287,True
1297,True
1303,False
1304,False
1305,False
1306,False
1307,False
1308,False
1309,False
1310,False
1311,False
1312,False
1313,False
1314,False
1316,False
1317,False
1319,False
1320,False
1321,False
1322,False
1323,False
1324,False
1326,False
1327,False
1328,False
1329,True
1330,False
1331,False
1332,False
1335,False
1339,False
1343,False
1346,False
1352,True
1381,True
1382,True
1383,True
1384,True
1385,True
1386,True
1390,True
1407,False
1408,False
1411,False
1414,False
1415,False
1416,False
1417,False
1418,False
1419,False
1420,False
1421,False
1422,False
1423,False
1425,False
1426,False
1427,False
1428,False
1429,False
1430,False
1431,False
1432,True
1433,False
1435,False
1436,False
1438,False
1439,False
1440,False
1441,False
1442,False
1444,False
1445,True
1446,False
1447,False
1450,False
1452,False
1454,False
1455,False
1458,False
1471,False
1472,False
1480,False
1481,False
1483,False
1490,False
1493,False
1506,True
1518,False
1519,False
1520,False
1521,False
1522,False
1523,False
1524,False
1525,False
1526,False
1527,False
1528,False
1529,False
1530,False
1531,False
1532,False
1533,False
1534,False
1535,False
1536,False
1537,False
1538,False
1539,False
1540,False
1541,False
1542,False
1543,False
1545,False
1546,False
1547,False
1548,False
1549,False
1550,False
1551,False
1552,True
1553,False
1554,False
1556,False
1557,False
1558,False
1559,False
1560,False
1561,False
1562,False
1563,False
1564,False
1565,True
1566,False
1567,False
1568,False
1569,False
1571,False
1572,False
1575,True
1576,False
1577,True
1579,False
1580,False
1582,False
1586,False
1587,False
1589,False
1590,False
1591,False
1603,True
1610,False
1611,False
1612,False
1613,True
1614,False
1615,False
1616,False
1617,False
1618,False
1619,False
1620,False
1621,False
1622,False
1623,False
1624,False
1625,False
1626,False
1627,False
1628,False
1629,False
1630,False
1632,False
1633,False
1634,False
1635,True
1636,False
1637,False
1639,False
1641,False
1643,False
1644,False
1647,False
1649,False
1650,False
1651,False
1652,False
1654,False
1656,True
1659,True
1660,False
1661,False
1662,False
1664,True
1665,False
1670,True
1673,False
1678,False
1686,True
1687,False
1688,False
1689,False
1692,False
1694,False
1696,False
1697,False
1699,False
1700,False
1701,False
1702,False
1714,False
1731,False
1732,False
1733,False
1734,False
1736,False
1738,False
1740,False
1741,False
1742,False
1743,False
1744,False
1745,False
1739,False
1746,False
1748,True
1750,False
1752,False
1753,False
1755,False
1757,False
1759,True
1762,True
1766,True
1767,True
1774,False
1777,True
1779,False
1802,False
1803,False
1806,False
1807,False
1808,False
1810,False
1821,True
1826,False
1831,True
1836,True
1863,True
1873,True
1881,False
1882,False
1883,False
1884,False
1885,False
1886,False
1887,False
1888,False
1889,False
1890,False
1931,False
1933,False
1935,False
1948,False
1949,True
1951,True
1963,False
1964,True
1982,True
1983,False
1988,True
1996,False
2002,True
2013,True
2029,False
2032,True
2034,False
2042,True
2054,True
2055,True
2060,True
2061,True
2071,False
2081,True
2087,True
2108,True
2162,False
2163,False
2164,False
2165,False
2166,False
2167,False
2168,False
2169,False
2170,False
2171,False
2172,False
2173,True
2174,False
2176,False
2177,False
2178,False
2179,False
2181,False
2182,False
2183,False
2184,False
2185,False
2186,False
2187,False
2188,False
2189,False
2190,False
2191,False
2192,False
2193,False
2194,False
2195,False
2197,False
2198,False
2199,False
2200,False
2201,False
2202,False
2204,False
2205,False
2206,False
2207,False
2208,True
2209,False
2210,False
2211,False
2212,False
2213,True
2214,False
2215,False
2216,True
2217,False
2218,False
2219,False
2220,True
2222,False
2223,False
2227,True
2228,False
2229,False
2231,False
2235,False
2236,True
2237,False
2238,False
2239,True
2255,False
2277,True
2287,True
2301,False
2311,False
2336,False
2342,False
2343,True
2346,False
2347,False
2348,True
2349,False
2355,False
2357,True
2362,False
2366,True
2375,False
2380,True
2386,True
2395,True
2439,False
2457,False
2461,True
2488,False
2489,False
2490,False
2491,False
2493,False
2496,False
2497,False
2498,False
2500,False
2501,True
2502,True
2503,True
2506,True
2507,False
2509,False
2510,False
2513,False
2514,True
2525,False
2528,True
2531,False
2546,False
2551,False
2552,False
2553,False
2554,False
2555,False
2556,False
2557,False
2558,False
2559,False
2561,False
2562,False
2563,False
2564,False
2565,False
2566,False
2567,True
2569,False
2571,False
2574,False
2576,False
2577,False
2580,False
2581,False
2585,True
2586,True
2587,False
2590,False
2600,False
2610,False
2622,True
2631,True
2634,True
2656,False
2681,False
2692,True
2694,False
2704,False
2705,False
2707,True
2708,True
2709,False
2713,True
2729,True
2740,True
2741,True
2745,True
2754,True
2757,True
2759,True
2760,True
2766,True
2768,True
2787,True
2788,True
2807,True
2810,True
2820,True
2830,False
2831,False
2832,False
2833,False
2835,False
2836,False
2837,False
2838,False
2839,False
2843,False
2844,False
2845,False
2846,False
2848,False
2850,False
2869,False
2870,False
2872,False
2874,True
2876,False
2884,False
2906,True
2911,True
2925,True
2926,True
2938,True
2953,True
2954,False
2955,True
2956,True
2959,True
2962,False
2963,False
2971,True
2977,True
2982,False
2983,False
3009,True
3012,False
3013,False
3014,False
3015,False
3016,False
3017,False
3018,True
3019,False
3020,False
3021,True
3022,False
3023,True
3025,False
3026,True
3027,False
3029,False
3030,False
3032,False
3033,False
3034,False
3035,True
3037,False
3038,False
3039,False
3042,False
3045,True
3047,False
3050,False
3052,False
3067,False
3089,True
3093,True
3095,False
3096,False
3098,True
3101,True
3112,False
3114,True
3115,False
3117,False
3118,False
3120,False
3121,False
3122,False
3123,True
3124,False
3127,False
3128,True
3130,True
3136,True
3146,True
3162,True
3165,True
3167,True
3193,False
3205,False
3206,False
3207,False
3208,False
3223,False
3224,False
3228,False
3229,True
3232,False
3239,False
3254,False
3257,True
3258,True
3266,True
3268,True
3270,True
3282,True
3297,False
3299,False
3301,False
3303,True
3304,True
3307,False
3308,True
3317,True
3320,False
3321,False
3326,True
3343,False
3344,False
3345,False
3346,False
3347,False
3348,True
3349,False
3351,False
3352,False
3353,False
3354,True
3356,True
3382,True
3384,True
3385,True
3388,False
3393,True
3394,False
3399,False
3413,False
3414,False
3415,False
3416,False
3417,False
3418,False
3419,False
3420,False
3422,False
3423,False
3424,False
3425,False
3428,False
3447,True
3448,True
3449,True
3453,True
3454,False
3456,True
3457,True
3459,True
3460,True
3464,True
3465,True
3466,True
3467,False
3471,True
3475,True
3498,True
3500,True
3511,True
3513,True
3514,True
3516,True
3548,True
3549,False
3551,False
3562,False
3564,False
3565,False
3566,False
3567,False
3568,False
3569,False
3570,False
3571,False
3572,False
3573,False
3574,False
3575,False
3576,False
3577,False
3578,False
3579,False
3580,False
3581,False
3563,False
3582,False
3583,False
3584,False
3585,False
3586,False
3587,False
3588,False
3589,False
3590,False
3591,False
3594,False
3595,False
3596,False
3597,False
3598,False
3599,False
3600,False
3601,False
3602,False
3603,False
3604,False
3605,False
3606,True
3608,True
3609,False
3610,False
3611,False
3612,False
3613,False
3618,False
3620,True
3622,False
3637,False
3641,False
3642,False
3643,False
3644,False
3645,False
3646,False
3647,False
3648,True
3649,False
3650,False
3651,False
3652,False
3653,False
3655,True
3657,False
3658,False
3659,True
3660,False
3661,True
3663,True
3664,True
3665,False
3666,True
3667,False
3668,False
3669,False
3671,False
3673,True
3676,False
3677,False
3703,True
3706,False
3707,False
3708,False
3709,False
3710,False
3711,False
3712,False
3713,False
3714,False
3715,False
3716,False
3717,False
3718,True
3719,False
3720,False
3721,False
3722,False
3723,False
3724,False
3725,True
3726,False
3727,False
3728,True
3729,False
3730,True
3731,False
3732,False
3733,False
3734,False
3736,False
3739,False
3740,False
3742,False
3743,False
3746,False
3748,True
3751,False
3752,False
3756,False
3760,False
3762,True
3764,True
3765,True
3786,False
3787,True
3789,False
3790,True
3791,True
3793,True
3795,True
3796,False
3797,False
3798,False
3799,False
3800,False
3804,False
3805,True
3806,True
3808,False
3809,False
3810,False
3811,False
3812,True
3813,True
3814,False
3834,False
3835,True
3860,False
3861,False
3871,False
3873,False
3874,False
3875,False
3877,False
3878,False
3882,False
3885,False
3887,False
3888,True
3891,False
3894,False
3896,True
3898,True
3914,False
3915,False
3916,True
3919,True
3920,False
3921,False
3922,True
3923,False
3924,False
3926,False
3927,False
3930,False
3933,False
3938,False
3965,False
3966,False
3967,False
3968,False
3971,False
3973,False
3979,True
3981,True
3982,True
3983,True
3984,True
3985,True
3986,True
3987,True
3988,True
3989,True
3990,True
3991,True
3993,True
3994,True
3995,True
3997,True
3998,True
3999,True
4000,True
4001,True
4002,True
4003,True
4004,True
4005,True
4006,True
4007,True
4008,True
4009,True
4012,True
4014,True
4021,True
4050,True
4052,False
4053,True
4054,True
4058,False
4082,False
4083,False
4086,False
4087,False
4088,True
4089,False
4090,False
4099,False
4100,False
4116,False
4117,False
4118,False
4119,False
4120,False
4129,False
4132,False
4133,False
4135,False
4136,False
4139,False
4142,False
4144,False
4146,False
4162,False
4165,False
4164,False
4166,False
4167,False
4169,False
4170,False
4171,False
4173,True
4176,True
4177,True
4178,False
4184,True
4186,False
4188,True
4190,False
4191,True
4192,True
4196,True
4197,True
4209,True
4210,True
4213,True
4224,False
4225,False
4227,False
4228,False
4229,True
4231,False
4232,False
4246,False
4261,False
4262,False
4265,False
4266,False
4268,False
4269,False
4270,False
4272,False
4273,True
4274,False
4275,False
4276,False
4277,False
4278,False
4279,True
4281,False
4285,False
4286,False
4289,False
4290,False
4291,True
4263,False
4292,False
4294,True
4300,False
4307,False
4328,False
4329,True
4336,True
4338,False
4341,False
4342,False
4344,True
4345,False
4346,True
4347,True
4348,False
4349,False
4350,False
4351,False
4353,True
4354,False
4355,True
4356,False
4357,False
4358,False
4360,False
4361,True
4363,False
4364,False
4365,False
4366,False
4367,False
4368,False
4371,False
4372,False
4373,False
4381,True
4408,False
4409,True
4410,True
4411,False
4412,False
4413,True
4414,True
4415,True
4416,False
4417,True
4418,True
4420,True
4421,True
4423,False
4424,False
4425,True
4428,False
4429,False
4431,False
4433,False
4434,False
4436,False
4437,False
4438,False
4439,False
4440,True
4441,False
4442,False
4443,False
4444,True
4447,True
4435,False
4448,False
4451,False
4453,True
4454,True
4459,False
4463,False
4464,True
4486,True
4492,False
4493,True
4501,True
4502,True
4505,True
4514,False
4515,False
4516,False
4518,False
4519,False
4520,False
4523,True
4524,True
4526,False
4529,False
4549,True
4550,False
4551,False
4553,False
4554,False
4555,False
4557,False
4563,False
4564,False
4565,False
4566,False
4567,False
4578,False
4585,True
4607,True
4608,True
4611,True
4614,True
4616,True
4620,True
4639,False
4640,True
4642,True
4643,True
4645,True
4646,True
4647,True
4652,False
4653,False
4656,False
4660,True
4674,False
4675,True
4676,False
4677,False
4682,False
4683,False
4684,False
4686,False
4690,False
4691,False
4693,False
4702,True
4705,True
4716,False
4719,False
4720,False
4721,False
4722,False
4723,True
4724,False
4725,False
4726,False
4727,False
4728,False
4729,False
4731,False
4732,False
4733,False
4734,False
4735,True
4738,False
4740,False
4741,False
4742,False
4743,False
4744,False
4745,False
4746,False
4747,False
4750,False
4752,False
4753,False
4754,False
4755,True
4757,False
4758,False
4763,False
4764,False
4790,False
4800,True
4801,True
4807,True
4823,False
4824,False
4825,False
4826,False
4844,True
4845,False
4850,True
4862,False
4863,False
4865,False
4866,False
4870,False
4872,False
4873,False
4874,False
4875,False
4878,False
4880,False
4881,False
4891,False
4893,False
4916,False
4917,False
4918,False
4919,False
4920,False
4921,True
4922,True
4923,False
4924,False
4925,True
4928,True
4929,False
4930,False
4932,True
4933,True
4934,True
4935,False
4936,False
4937,False
4938,True
4939,True
4940,True
4941,False
4942,False
4943,True
4948,False
4949,False
4950,False
4951,False
4952,False
4954,False
4958,False
4959,True
4961,True
4964,True
4965,True
4974,True
4975,True
4987,False
4988,False
4989,True
5005,False
5009,True
5010,True
5011,False
5012,True
5013,True
5017,True
5033,True
5034,True
5037,True
5039,True
5060,False
5067,False
5068,False
5069,False
5070,False
5071,False
5072,False
5073,False
5074,False
5075,False
5076,False
5077,False
5079,False
5080,False
5081,False
5082,True
5083,False
5084,False
5085,False
5086,False
5087,False
5088,False
5089,False
5090,False
5091,True
5092,False
5093,False
5094,False
5095,False
5096,False
5097,False
5098,False
5099,True
5100,False
5101,False
5102,False
5103,False
5105,False
5106,True
5107,False
5108,False
5109,False
5110,False
5111,False
5113,False
5114,False
5115,False
5117,False
5118,False
5119,False
5120,False
5121,False
5122,False
5125,True
5129,False
5130,False
5131,False
5132,False
5133,False
5135,False
5136,False
5156,False
5168,False
5169,False
5170,False
5171,False
5172,False
5173,False
5174,False
5175,False
5177,False
5178,False
5179,False
5180,False
5181,False
5182,False
5183,False
5184,False
5185,False
5186,False
5187,False
5188,False
5189,False
5190,False
5191,True
5192,False
5193,True
5194,False
5195,False
5196,False
5197,False
5198,True
5199,False
5201,False
5202,False
5203,False
5205,False
5206,False
5208,False
5209,True
5210,True
5212,False
5213,True
5214,True
5215,True
5217,True
5219,False
5224,True
5243,True
5246,True
5247,True
5254,False
5261,False
5264,False
5278,True
5280,False
5281,True
5286,False
5287,True
5291,False
5292,False
5293,False
5294,False
5295,False
5296,False
5297,False
5298,False
5299,False
5300,False
5301,False
5302,False
5303,False
5304,False
5305,False
5306,False
5307,False
5308,False
5309,False
5310,False
5311,False
5312,False
5313,False
5315,False
5316,True
5317,False
5318,True
5319,True
5320,False
5321,True
5322,True
5324,False
5325,False
5326,False
5327,False
5328,True
5329,False
5330,True
5331,False
5332,False
5333,False
5335,False
5336,False
5338,False
5339,False
5340,True
5341,False
5342,False
5345,False
5348,False
5349,False
5352,False
5357,True
5360,False
5372,True
5373,True
5391,False
5392,True
5393,False
5414,False
5420,False
5438,False
5439,False
5440,False
5441,True
5442,False
5443,False
5445,False
5455,True
5456,True
5457,True
5458,True
5459,True
5460,True
5461,True
5462,True
5463,True
5466,True
5467,True
5469,True
5470,True
5471,True
5472,True
5477,True
5478,True
5481,True
5483,True
5484,True
5485,True
5488,True
5515,False
5516,False
5517,False
5518,False
5519,False
5520,False
5521,False
5522,False
5523,False
5524,False
5525,True
5526,False
5527,False
5528,False
5529,False
5530,False
5531,False
5533,True
5534,False
5535,False
5537,False
5538,False
5539,False
5540,False
5542,False
5543,False
5546,True
5547,False
5548,False
5552,False
5560,False
5563,False
5579,True
5580,True
5585,False
5587,False
5588,False
5589,False
5590,False
5594,False
5597,False
5598,False
5600,False
5626,False
5636,False
5637,False
5642,False
5649,False
5650,True
5663,False
5664,False
5665,False
5667,False
5668,False
5669,True
5673,True
5677,False
5695,True
5697,False
5698,False
5699,False
5700,False
5701,False
5702,False
5703,False
5706,False
5707,False
5708,False
5709,False
5712,False
5715,False
5718,False
5719,False
5720,False
5729,True
5760,False
5766,False
5780,False
5783,True
5790,True
5797,True
5802,False
5803,False
5804,True
5805,False
5806,False
5814,False
5823,False
5825,True
5826,True
5847,True
5849,True
5852,True
5855,True
5873,False
5874,False
5875,False
5908,True
5909,False
5917,True
5932,True
5952,False
5953,False
5954,False
5956,False
5957,False
5958,False
5961,False
5963,False
5964,False
5965,False
5967,False
5969,False
5970,False
5971,True
5972,True
5973,True
5975,True
5985,True
5990,True
6002,False
6005,False
6006,False
6008,True
6012,False
6013,False
6014,False
6017,False
6038,False
6039,False
6041,False
6043,True
6046,False
6052,False
6053,False
6055,False
6056,False
6057,False
6059,True
6062,False
6063,False
6069,False
6090,False
6091,False
6092,False
6093,False
6094,False
6095,False
6096,False
6097,False
6098,False
6100,False
6101,False
6102,False
6103,False
6104,False
6106,False
6107,False
6108,False
6109,False
6110,False
6111,False
6112,False
6113,False
6114,False
6115,False
6116,False
6117,False
6118,False
6120,False
6121,False
6122,False
6123,False
6124,False
6125,False
6126,False
6127,False
6128,False
6129,False
6133,False
6134,True
6137,False
6138,False
6139,False
6143,False
6146,False
6148,False
6170,False
6173,True
6174,False
6175,False
6176,True
6179,False
6180,True
6182,False
6206,False
6207,False
6208,False
6209,False
6210,False
6211,False
6213,False
6214,False
6216,False
6218,False
6219,False
6220,False
6222,False
6223,False
6224,True
6225,False
6226,True
6228,True
6232,False
6233,True
6234,True
6236,True
6239,True
6242,True
6246,True
6258,False
6259,False
6279,False
6280,False
6281,False
6282,False
6283,False
6284,False
6285,False
6286,False
6287,False
6289,False
6291,True
6292,False
6293,False
6294,False
6295,False
6296,True
6298,True
6299,False
6300,False
6303,False
6307,False
6330,True
6338,True
6339,True
6342,False
6343,False
6344,False
6345,False
6346,False
6366,False
6367,True
6368,True
6371,True
6372,False
6373,False
6374,False
6376,False
6379,False
6380,False
6381,False
6382,True
6383,False
6384,False
6385,False
6397,True
6412,True
6418,False
6419,False
6422,True
6423,False
6424,False
6425,False
6435,True
6464,False
6466,False
6476,False
6478,False
6479,False
6480,False
6482,True
6483,True
6484,False
6486,False
6494,True
6495,True
6501,True
6513,False
6514,False
6515,False
6516,False
6517,False
6518,False
6519,False
6520,False
6521,False
6526,False
6527,False
6529,False
6530,False
6531,False
6532,False
6533,False
6534,False
6535,False
6536,False
6537,False
6538,False
6539,False
6541,False
6542,False
6544,False
6545,False
6546,False
6548,False
6550,False
6540,False
6552,False
6553,False
6555,False
6556,False
6557,False
6558,False
6562,False
6563,False
6564,False
6565,False
6566,False
6567,False
6568,False
6569,False
6570,False
6571,False
6572,False
6573,False
6574,False
6575,False
6576,False
6577,False
6578,False
6579,True
6580,False
6581,True
6582,False
6583,False
6586,False
6588,True
6590,True
6591,True
6592,False
6593,True
6596,False
6598,False
6602,False
6620,False
6621,False
6622,True
6623,False
6624,False
6628,False
6629,False
6639,False
6642,True
6673,True
6677,True
6696,True
6697,True
6698,True
6700,True
6701,True
6709,True
6710,True
6716,True
6725,False
6726,False
6728,False
6729,False
6730,False
6731,False
6732,True
6733,False
6734,True
6736,True
6737,True
6738,True
6739,False
6741,True
6742,False
6744,False
6745,False
6747,True
6748,True
6749,False
6750,True
6751,False
6752,False
6754,False
6755,True
6756,True
6757,False
6758,False
6759,True
6761,True
6762,True
6765,False
6767,False
6768,True
6769,True
6772,False
6773,True
6777,True
6727,False
6792,False
6793,False
6796,True
6797,False
6800,True
6802,True
6804,False
6805,True
6806,True
6814,True
6826,True
6827,True
6833,True
6842,False
6843,False
6844,True
6845,False
6846,False
6847,False
6848,False
6849,False
6850,False
6851,False
6852,False
6853,False
6854,False
6855,False
6856,False
6859,False
6860,False
6861,False
6862,False
6863,False
6864,False
6866,True
6868,False
6872,False
6874,False
6875,True
6879,False
6887,True
6888,False
6889,False
6890,False
6891,False
6893,False
6895,False
6915,False
6916,False
6917,False
6919,False
6921,False
6922,False
6923,False
6924,False
6926,False
6927,False
6929,False
6930,False
6932,False
6933,False
6934,False
6937,False
6940,False
6941,False
6943,True
6944,True
6945,True
6946,False
6947,True
6948,False
6949,True
6952,False
6956,False
6957,False
6960,True
6961,False
6962,True
6967,False
6985,False
6986,False
6987,False
6988,False
6989,False
6990,False
6991,False
6992,True
6993,False
6995,False
6998,False
7000,False
7002,False
7003,False
7004,True
7009,True
7012,True
7015,False
7045,True
7056,False
7058,False
7059,False
7061,True
7062,True
7063,True
7064,False
7066,True
7070,False
7071,True
7094,False
7098,True
7118,False
7119,False
7120,False
7121,False
7123,False
7125,False
7126,True
7127,False
7128,False
7129,False
7130,False
7132,False
7133,False
7134,True
7135,False
7136,False
7139,False
7142,False
7147,True
7149,False
7165,False
7166,False
7167,False
7168,False
7169,False
7170,False
7171,True
7172,False
7173,False
7176,False
7177,False
7179,True
7180,True
7182,False
7183,False
7184,False
7185,False
7186,False
7189,False
7190,True
7191,True
7192,False
7193,False
7195,False
7201,False
7209,False
7210,False
7211,False
7213,False
7215,True
7216,True
7217,True
7218,False
7219,False
7225,True
7227,True
7229,True
7230,False
7231,True
7232,False
7234,True
7255,False
7257,False
7256,False
7259,False
7261,False
7262,False
7263,False
7264,False
7266,False
7267,False
7268,False
7269,True
7270,False
7271,False
7273,True
7274,True
7278,False
7282,False
7283,True
7284,False
7288,True
7289,False
7291,True
7292,False
7293,False
7314,True
7315,True
7316,True
7320,False
7324,True
7327,True
7329,False
7331,False
7334,False
7351,False
7353,False
7357,False
7363,False
7382,True
7384,True
7387,True
7410,False
7411,False
7412,False
7414,True
7415,True
7416,False
7417,False
7418,True
7419,True
7420,True
7421,True
7422,True
7423,False
7424,False
7426,False
7436,False
7438,True
7441,True
7445,True
7446,True
7448,True
7449,False
7463,False
7468,True
7476,True
7480,True
7481,True
7482,False
7483,True
7484,True
7489,False
7490,False
7491,False
7492,False
7493,False
7494,True
7495,False
7497,False
7498,False
7500,False
7501,False
7502,False
7503,True
7504,False
7505,False
7506,True
7507,False
7508,False
7511,True
7516,False
7518,True
7520,True
7523,True
7525,False
7533,False
7535,True
7537,False
7539,False
7541,True
7547,False
7549,False
7550,False
7551,False
7552,False
7553,False
7556,False
7558,False
7561,False
7562,False
7563,False
7564,False
7565,False
7566,False
7567,False
7569,True
7568,True
7573,False
7580,False
7584,False
7609,False
7610,False
7611,True
7615,False
7644,False
7694,False
7695,False
7696,False
7701,False
7702,False
7703,False
7704,False
7706,False
7707,False
7708,False
7709,False
7710,False
7711,False
7713,False
7714,False
7715,False
7716,False
7717,False
7718,True
7719,False
7723,True
7726,False
7729,False
7730,False
7731,False
7738,False
7740,False
7751,False
7762,True
7763,False
7764,False
7765,False
7766,False
7770,True
7771,True
7772,False
7774,False
7775,True
7777,False
7778,True
7779,False
7780,True
7782,True
7783,False
7787,False
7791,True
7792,False
7803,True
7815,False
7816,False
7817,False
7819,False
7820,False
7821,False
7822,False
7826,False
7828,False
7837,True
7845,False
7847,False
7850,False
7858,False
7873,False
7874,False
7875,False
7876,False
7877,False
7878,False
7879,False
7880,False
7881,False
7882,False
7883,False
7884,False
7886,False
7887,False
7888,False
7889,False
7890,False
7891,False
7892,False
7893,False
7894,False
7895,False
7896,False
7897,False
7898,False
7899,False
7900,False
7901,False
7902,False
7903,True
7904,False
7905,False
7906,True
7907,False
7909,False
7910,False
7911,False
7912,False
7913,False
7914,False
7915,False
7916,False
7918,True
7919,False
7920,False
7921,False
7925,False
7926,False
7927,True
7929,False
7931,False
7953,False
7975,False
7976,False
7978,False
7977,False
7979,False
7981,False
7982,False
7983,False
7984,False
7985,False
7986,False
7987,False
7990,False
7991,False
7993,False
7995,False
7996,True
7998,False
7999,False
8000,False
8001,False
8005,False
7997,False
8008,False
8010,False
8011,False
8012,False
8015,False
8022,False
8017,False
8004,False
8024,True
8033,True
8056,True
8057,True
8058,True
8071,False
8073,False
8076,False
8088,True
8094,False
8095,False
8096,False
8097,False
8098,False
8100,False
8099,False
8102,False
8103,False
8104,False
8106,False
8107,False
8108,False
8109,False
8110,False
8113,False
8115,False
8120,False
8123,False
8124,False
8125,False
8127,False
8130,False
8133,False
8147,False
8183,True
8187,False
8189,False
8192,False
8207,False
8208,False
8209,False
8210,False
8212,False
8213,False
8214,False
8215,False
8216,False
8217,False
8218,False
8219,False
8220,False
8221,False
8222,False
8223,False
8224,False
8225,False
8226,False
8227,False
8228,False
8229,False
8230,True
8231,False
8232,False
8233,False
8234,False
8237,True
8238,False
8239,False
8240,False
8241,True
8243,False
8244,False
8245,False
8246,True
8247,False
8249,False
8250,False
8252,False
8257,False
8266,False
8271,False
8304,False
8305,False
8306,False
8307,False
8308,False
8309,True
8311,True
8315,True
8317,False
8328,True
8337,True
8349,False
8351,False
8352,False
8353,False
8355,False
8356,False
8357,False
8350,False
8358,False
8360,False
8361,False
8365,False
8366,False
8367,True
8368,False
8369,True
8370,False
8371,False
8372,False
8373,True
8374,False
8377,False
8378,True
8379,False
8380,False
8381,False
8382,False
8385,False
8386,False
8388,False
8390,False
8392,True
8393,True
8399,False
8401,True
8403,False
8413,False
8423,True
8425,True
8426,True
8427,True
8428,False
8431,True
8432,False
8433,True
8436,False
8468,False
8469,False
8471,False
8472,False
8473,False
8475,False
8476,True
8477,False
8478,False
8479,True
8480,False
8481,False
8482,False
8484,False
8488,False
8489,True
8490,True
8492,False
8495,False
8498,False
8519,True
8527,False
8528,True
8530,True
8533,False
8534,False
8547,False
8548,False
8550,True
8551,False
8555,False
8556,False
8559,False
8571,False
8587,False
8590,False
8591,True
8592,False
8593,True
8594,False
8595,False
8598,False
8599,False
8602,False
8603,False
8632,False
8633,False
8634,False
8631,False
8636,False
8637,False
8639,True
8640,False
8643,False
8645,False
8646,False
8672,False
8673,False
8679,True
8706,True
8707,True
8708,True
8711,True
8713,True
8715,True
8716,True
8718,True
8731,True
8742,True
8743,True
8746,True
8747,True
8748,True
8749,True
8750,True
8751,True
8761,True
8784,False
8786,True
8787,True
8788,False
8789,False
8812,False
8813,False
8818,False
8819,True
8820,False
8814,False
8842,False
8843,True
8845,False
8847,False
8850,False
8867,False
8869,True
8871,True
8875,True
8879,True
8883,False
8884,True
8886,False
8909,False
8918,False
8955,False
8958,False
8963,False
8967,False
8969,False
8986,False
8987,False
8988,False
8989,False
8990,False
8991,False
8993,False
8994,False
8996,False
8997,False
8998,False
9000,False
9001,False
9002,False
9003,False
9004,False
9005,False
9006,False
9007,False
9008,False
9009,False
9010,False
9011,False
9012,False
9013,True
9014,False
9015,False
9016,False
9019,False
9020,False
9021,False
9022,False
9026,False
9027,False
9028,False
9030,False
9031,False
9032,False
9034,False
9036,False
9038,False
9039,False
9040,False
9041,False
9043,False
9044,False
9045,True
9046,True
9057,True
9058,True
9059,True
9060,True
9061,True
9062,True
9063,True
9064,True
9065,True
9066,True
9067,True
9068,True
9069,True
9071,True
9072,True
9073,True
9074,True
9076,True
9079,True
9080,True
9081,True
9082,True
9085,True
9090,True
9091,True
9092,True
9095,True
9096,True
9102,True
9105,True
9127,True
9129,True
9131,True
9133,True
9134,True
9143,True
9150,True
9151,True
9152,True
9155,True
9157,True
9160,True
9177,True
9182,True
9183,True
9184,True
9185,True
9186,True
9187,True
9188,True
9189,True
9190,True
9195,True
9198,True
9200,True
9201,True
9202,True
9207,True
9208,True
9223,False
9224,False
9226,False
9227,True
9230,False
9255,False
9284,True
9289,False
9290,False
9291,False
9292,False
9293,False
9294,False
9295,False
9296,False
9297,False
9298,False
9299,False
9300,False
9302,False
9303,False
9304,False
9305,False
9306,False
9307,False
9308,False
9309,False
9311,True
9312,False
9314,False
9315,False
9316,False
9318,False
9319,True
9320,False
9321,False
9322,False
9323,False
9324,True
9325,False
9326,False
9328,False
9329,False
9331,True
9332,False
9333,False
9334,True
9335,False
9336,True
9338,False
9339,False
9342,True
9343,False
9346,False
9347,False
9348,False
9349,True
9350,False
9354,False
9356,False
9370,False
9371,False
9372,False
9374,False
9375,False
9376,False
9377,False
9378,False
9379,False
9381,True
9383,False
9384,False
9385,False
9386,False
9387,False
9388,False
9390,False
9391,False
9392,False
9393,False
9394,True
9395,False
9396,True
9397,False
9398,False
9399,False
9400,True
9401,False
9402,False
9403,False
9405,False
9406,False
9408,False
9409,True
9412,False
9413,True
9414,False
9416,False
9418,False
9419,False
9421,False
9426,False
9427,False
9448,False
9449,True
9453,False
9456,True
9459,False
9461,False
9490,False
9491,True
9493,True
9500,False
9519,False
9542,False
9546,False
9548,False
9549,False
9550,False
9551,False
9553,False
9555,False
9556,False
9557,False
9558,False
9559,False
9567,False
9568,False
9602,True
9618,True
9619,False
9627,True
9651,True
9653,True
9654,True
9658,True
9666,True
9667,False
9671,False
9672,False
9673,False
9674,False
9675,False
9676,False
9677,False
9678,False
9679,False
9680,False
9681,False
9682,True
9683,True
9684,False
9687,False
9688,True
9689,True
9692,False
9693,False
9696,True
9698,True
9700,True
9703,False
9685,False
9704,True
9705,True
9709,True
9739,True
9740,False
9769,True
9787,True
9788,True
9789,True
9794,True
9820,True
9828,False
9838,False
9857,False
9858,False
9860,False
9861,False
9863,False
9864,False
9865,False
9867,True
9868,True
9871,True
9872,False
9877,False
9878,False
9883,True
9906,True
9907,False
9910,False
9915,True
9923,True
9925,True
9927,True
9929,True
9962,True
9963,True
9967,False
9968,False
9970,False
9971,False
9972,False
9973,False
9977,True
9991,True
9992,True
9996,True
9997,True
9998,True
9999,True
10004,True
10029,False
10030,False
10031,False
10032,False
10033,False
10034,False
10035,False
10036,False
10038,False
10040,False
10041,False
10043,False
10044,True
10045,False
10046,False
10052,True
10067,False
10070,True
10077,True
10085,True
10087,True
10090,True
10091,True
10092,True
10093,True
10095,True
10096,False
10104,True
10124,True
10125,True
10147,False
10148,False
10149,False
10150,False
10151,False
10152,False
10153,False
10154,False
10155,False
10156,False
10157,False
10158,True
10159,False
10161,False
10162,False
10163,False
10164,False
10165,False
10166,False
10167,True
10168,False
10169,False
10170,False
10171,False
10172,False
10173,False
10174,True
10175,True
10176,True
10177,True
10178,True
10181,False
10182,False
10184,True
10185,False
10186,True
10189,True
10190,True
10193,True
10198,False
10199,True
10204,False
10224,False
10225,False
10230,False
10235,True
10237,False
10241,False
10250,False
10251,False
10252,False
10257,False
10259,True
10262,True
10267,False
10272,True
10274,False
10292,True
10302,False
10303,True
10305,False
10307,True
10309,False
10310,True
10311,True
10312,True
10313,False
10314,False
10315,False
10335,False
10336,False
10350,True
10372,True
10387,False
10389,False
10390,False
10396,True
10405,True
10432,False
10433,False
10434,False
10435,False
10436,False
10438,True
10443,True
10458,False
10459,False
10463,False
10466,False
10468,False
10470,False
10472,True
10475,True
10476,True
10496,False
10497,False
10498,False
10499,False
10500,True
10501,False
10502,False
10503,False
10504,False
10505,False
10506,False
10509,False
10510,False
10511,False
10512,False
10513,False
10514,False
10515,False
10516,False
10517,False
10519,False
10520,False
10521,False
10522,False
10523,False
10524,False
10525,False
10527,True
10528,False
10529,False
10530,False
10531,False
10532,True
10533,True
10534,False
10535,True
10537,False
10538,False
10539,True
10540,False
10541,False
10542,False
10546,True
10547,False
10548,False
10550,False
10561,True
10575,True
10576,False
10577,False
10578,True
10579,True
10580,False
10581,True
10582,False
10584,True
10586,True
10589,False
10641,False
10642,False
10643,False
10644,False
10645,False
10646,False
10647,False
10649,False
10651,False
10652,False
10653,False
10654,False
10657,False
10658,False
10659,False
10660,False
10661,False
10662,False
10663,False
10664,True
10665,False
10666,False
10668,False
10669,False
10670,False
10671,False
10672,False
10673,False
10675,False
10676,False
10678,False
10687,False
10712,False
10713,False
10714,False
10715,True
10716,False
10717,True
10721,True
10722,True
10723,False
10724,True
10726,False
10727,True
10728,True
10730,True
10734,True
10735,True
10738,True
10745,True
10752,False
10755,True
10757,True
10758,True
10762,True
10764,True
10765,True
10769,False
10785,False
10788,True
10790,False
10792,False
10795,False
10797,False
10809,True
10814,True
10836,False
10843,True
10845,True
10863,True
10871,True
10880,True
10883,True
10888,True
10892,True
10895,True
10900,True
10902,True
10906,True
10911,True
10919,False
10922,False
10923,False
10924,False
10926,True
10927,False
10940,False
10956,False
10957,False
10961,False
10977,False
10978,False
10979,False
10981,True
10983,True
10984,True
10986,False
10987,False
10988,False
10989,False
10994,False
10999,True
11000,True
11001,False
11004,False
11005,False
11006,False
11007,False
11010,False
11013,False
11019,False
11047,False
11048,False
11049,False
11050,False
11051,False
11054,False
11055,False
11056,False
11057,False
11059,False
11060,False
11061,False
11062,False
11063,False
11064,False
11068,True
11069,False
11070,False
11071,False
11072,False
11074,False
11075,False
11076,False
11077,True
11078,False
11079,False
11080,True
11081,False
11082,False
11084,False
11086,False
11087,False
11088,False
11090,False
11095,False
11098,False
11099,False
11102,False
11104,False
11105,False
11109,False
11110,True
11118,False
11130,False
11132,False
11133,False
11135,True
11146,False
11155,False
11174,True
11193,True
11195,True
11197,True
11198,True
11207,False
11208,True
11221,False
11222,False
11223,False
11224,False
11225,False
11226,False
11227,False
11228,False
11229,False
11231,False
11232,True
11236,False
11237,False
11238,False
11241,False
11243,False
11248,True
11249,True
11250,True
11285,False
11286,False
11287,False
11288,True
11289,True
11290,False
11291,False
11292,True
11295,False
11296,False
11297,True
11299,False
11300,False
11302,False
11303,False
11307,False
11308,False
11309,False
11312,False
11313,False
11315,False
11318,True
11340,False
11341,True
11342,False
11347,True
11349,False
11351,True
11382,False
11385,True
11386,False
11387,True
11388,False
11391,False
11392,True
11393,False
11394,False
11396,True
11415,False
11416,False
11417,False
11418,False
11419,False
11420,False
11421,False
11422,False
11423,False
11424,False
11425,False
11426,False
11427,False
11428,False
11429,False
11430,False
11431,False
11432,False
11433,False
11434,False
11435,False
11436,False
11437,True
11438,False
11439,False
11440,False
11441,False
11442,False
11443,False
11444,False
11447,False
11448,False
11449,False
11450,False
11451,True
11452,False
11453,False
11454,False
11460,False
11463,False
11464,False
11467,False
11470,True
11474,True
11476,True
11479,False
11499,True
11500,True
11501,True
11502,True
11518,False
11520,False
11524,True
11529,False
11545,True
11546,True
11547,True
11554,False
11555,False
11556,False
11557,False
11558,False
11559,True
11560,False
11561,True
11562,True
11564,True
11565,False
11566,True
11567,True
11568,True
11569,True
11570,True
11571,True
11572,True
11573,True
11574,True
11575,True
11576,True
11577,True
11578,True
11579,True
11580,True
11581,True
11582,True
11583,True
11584,True
11587,True
11589,True
11590,True
11593,True
11595,True
11596,True
11597,True
11600,True
11607,True
11608,True
11613,True
11621,True
11623,True
11624,True
11625,True
11639,True
11661,True
11662,True
11663,True
11664,True
11669,True
11685,False
11693,False
11697,False
11710,False
11720,False
11725,False
11734,False
11735,False
11737,False
11740,False
11749,True
11752,True
11753,True
11765,True
11767,False
11768,False
11769,False
11770,False
11771,False
11772,False
11773,False
11774,False
11775,False
11776,False
11777,False
11778,False
11779,True
11780,False
11783,False
11784,False
11785,False
11786,False
11787,False
11788,True
11790,False
11791,False
11792,False
11793,False
11789,False
11794,True
11796,False
11797,False
11798,False
11801,False
11802,False
11803,False
11804,False
11805,True
11806,False
11807,False
11809,True
11810,False
11811,False
11814,True
11817,True
11841,True
11859,False
11863,False
11864,False
11872,False
11873,False
11874,False
11875,False
11876,True
11877,True
11878,False
11880,True
11882,True
11886,True
11888,True
11889,False
11891,False
11893,False
11894,True
11895,False
11896,False
11899,False
11921,False
11922,True
11923,False
11924,True
11925,True
11926,False
11929,False
11932,False
11935,True
11936,True
11938,True
11939,True
11941,True
11942,False
11943,True
11948,True
11955,False
11959,True
11976,True
11981,True
11984,True
11985,True
11991,True
11992,False
11996,False
11997,False
11998,True
12000,False
12002,False
12003,False
12004,False
12007,False
12035,True
12036,False
12051,False
12054,False
12084,True
12101,True
12102,True
12103,True
12104,True
12105,True
12106,True
12107,True
12112,True
12113,True
12116,True
12118,True
12119,True
12121,True
12124,True
12127,True
12128,True
12129,True
12131,True
12132,True
12157,True
12158,True
12160,True
12164,True
12165,True
12167,True
12168,True
12171,True
12172,True
12174,True
12189,True
12190,False
12191,False
12192,True
12198,True
12216,False
12220,False
12221,False
12226,False
12250,True
12251,True
12277,True
12278,True
12279,True
12282,False
12284,False
12285,False
12287,False
12291,False
12295,False
12300,False
12308,False
12324,True
12327,True
12329,True
12340,False
12341,False
12342,False
12360,True
12363,True
12364,True
12365,True
12367,True
12386,True
12393,True
12398,True
12401,False
12405,False
12419,False
12420,False
12421,False
12422,False
12423,False
12424,False
12425,False
12426,False
12427,False
12428,False
12429,False
12430,False
12431,False
12432,False
12433,False
12434,False
12435,False
12437,False
12438,True
12439,False
12440,False
12441,False
12442,False
12443,False
12444,False
12445,False
12446,False
12447,False
12450,False
12453,False
12454,True
12455,False
12456,True
12457,True
12458,False
12459,False
12460,True
12461,False
12463,False
12464,False
12467,False
12476,True
12498,True
12500,False
12508,False
12509,False
12510,False
12511,False
12512,False
12513,False
12514,False
12515,False
12516,False
12517,False
12518,False
12519,False
12520,False
12522,False
12523,False
12524,False
12525,False
12526,False
12527,False
12528,False
12529,False
12530,False
12531,False
12532,False
12533,False
12534,False
12535,False
12536,False
12538,False
12539,False
12540,False
12542,False
12543,True
12545,False
12546,True
12547,False
12548,True
12549,False
12541,False
12550,False
12551,False
12552,False
12553,False
12554,False
12555,False
12556,False
12557,False
12558,False
12559,False
12565,False
12566,False
12568,True
12569,False
12570,False
12572,False
12580,False
12586,True
12587,True
12595,True
12607,True
12625,False
12626,False
12627,False
12628,False
12629,False
12631,False
12632,False
12633,False
12635,False
12636,False
12637,False
12638,False
12639,False
12640,False
12641,False
12642,False
12643,False
12644,False
12645,False
12646,True
12647,False
12648,False
12649,True
12650,False
12651,False
12652,False
12653,False
12654,True
12655,False
12656,True
12657,False
12658,False
12659,False
12660,True
12661,False
12662,False
12663,False
12664,False
12665,True
12666,False
12668,False
12669,False
12676,False
12682,False
12710,False
12725,False
12726,False
12729,False
12732,False
12734,False
12738,False
12741,False
12742,True
12745,False
12747,True
12749,False
12751,True
12797,False
12798,True
12799,False
12800,False
12802,False
12805,True
12807,False
12809,False
12811,False
12813,False
12814,False
12824,False
12825,False
12851,False
12859,True
12862,True
12863,True
12865,True
12866,True
12869,True
12882,True
12883,True
12905,True
12906,False
12907,True
12910,False
12912,False
12913,False
12914,True
12915,True
12917,True
12923,False
12926,False
12950,True
12951,False
12956,False
12980,False
12981,False
12982,False
12983,False
12984,False
12985,False
12986,False
12987,False
12989,False
12990,False
12991,True
12992,True
12993,False
12994,False
12995,False
12996,False
12997,False
12998,False
12999,True
13000,False
13001,False
13002,False
13005,False
13008,False
13010,False
13012,False
13017,True
13019,True
13024,True
13030,True
13060,True
13061,True
13062,True
13077,True
13104,True
13105,False
13120,False
13121,True
13122,False
13123,True
13124,True
13125,False
13126,False
13127,True
13128,True
13129,True
13132,False
13135,False
13139,False
13142,False
13143,True
13144,False
13148,True
13151,False
13153,True
13155,False
13156,True
13158,False
13162,True
13165,False
13185,True
13191,False
13192,False
13193,False
13196,True
13197,False
13203,False
13204,False
13245,False
13254,False
13261,False
13271,False
13272,False
13273,False
13274,False
13275,False
13276,False
13277,False
13282,False
13284,False
13289,False
13301,True
13303,False
13330,True
13335,False
13336,False
13337,False
13338,False
13339,False
13341,False
13342,False
13361,True
13362,True
13376,True
13379,True
13380,True
13381,True
13382,True
13406,True
13407,True
13408,True
13410,False
13436,False
13437,False
13450,False
13451,True
13461,True
13463,False
13464,True
13465,True
13476,False
13504,True
13505,True
13506,True
13508,True
13509,True
13511,True
13512,True
13514,True
13515,True
13516,True
13517,True
13518,True
13519,True
13520,True
13521,True
13525,True
13526,True
13531,True
13561,False
13563,False
13566,False
13567,False
13568,False
13594,True
13607,False
13608,True
13609,False
13610,False
13611,True
13613,False
13614,False
13617,True
13618,True
13619,False
13620,False
13624,False
13636,True
13637,True
13670,True
13681,False
13683,True
13684,True
13686,True
13700,True
13725,True
13733,False
13738,False
13739,False
13740,False
13741,False
13742,False
13743,False
13748,False
13750,True
13753,False
13755,False
13756,False
13759,True
13761,True
13765,False
13769,False
13791,True
13792,True
13798,False
13799,False
13800,False
13802,True
13803,False
13805,True
13807,False
13808,False
13809,False
13810,True
13811,False
13812,False
13813,False
13815,False
13816,False
13818,False
13820,False
13822,True
13825,False
13826,True
13827,True
13829,False
13834,False
13838,True
13806,False
13840,False
13841,True
13867,False
13883,False
13884,False
13892,False
13905,True
13916,False
13919,True
13931,True
13934,False
13935,True
13936,True
13941,False
13943,True
13942,False
13976,False
13978,False
13995,True
13996,True
13997,True
13998,True
14001,False
14003,False
14004,True
14006,True
14051,True
14058,False
14072,False
14075,False
14076,False
14078,False
14080,False
14081,True
14083,False
14084,False
14085,False
14087,True
14118,True
14125,False
14126,False
14127,False
14130,False
14139,False
14140,False
14141,False
14144,False
14145,False
14146,False
14147,False
14149,False
14150,False
14151,False
14152,False
14153,False
14155,False
14156,False
14158,True
14161,False
14162,True
14163,False
14173,True
14174,True
14224,False
14225,True
14245,False
14246,False
14247,True
14248,False
14250,True
14251,True
14253,True
14274,False
14318,False
14328,False
14329,False
14332,False
14336,False
14339,False
14341,False
14342,True
14351,False
14352,False
14353,False
14355,False
14363,False
14366,False
14377,False
14378,False
14379,False
14380,False
14381,False
14382,False
14383,True
14384,True
14392,True
14393,True
14398,False
14399,False
14402,False
14405,False
14408,False
14410,False
14416,False
14420,True
14433,False
14435,False
14440,True
14446,False
14460,True
14462,True
14464,True
14465,True
14470,True
14475,False
14490,False
14491,False
14492,True
14493,False
14494,False
14495,False
14496,False
14498,False
14499,False
14502,False
14503,False
14504,False
14505,False
14506,False
14507,False
14508,True
14509,True
14510,False
14511,False
14512,True
14515,False
14516,False
14517,True
14518,True
14519,False
14523,True
14524,False
14553,False
14565,False
14568,False
14569,True
14596,False
14597,False
14599,False
14600,False
14601,False
14602,False
14603,False
14604,False
14605,False
14606,False
14607,False
14608,False
14609,False
14610,False
14611,False
14612,False
14613,False
14614,False
14615,False
14616,False
14617,False
14618,False
14619,False
14620,False
14621,False
14622,False
14623,False
14624,False
14627,False
14628,False
14629,False
14630,False
14631,False
14632,False
14633,False
14634,False
14635,True
14636,False
14637,False
14639,False
14640,False
14641,True
14642,False
14644,False
14645,False
14646,False
14647,False
14649,True
14650,False
14651,True
14652,False
14653,False
14655,False
14656,False
14657,False
14659,True
14663,False
14664,True
14666,False
14681,True
14696,True
14701,True
14706,True
14713,True
14728,False
14730,False
14731,False
14732,False
14735,True
14736,False
14737,True
14738,False
14739,False
14740,False
14742,False
14743,False
14744,False
14745,True
14746,False
14747,False
14749,False
14750,False
14751,False
14752,False
14753,False
14754,False
14757,True
14758,False
14760,False
14800,False
14801,False
14802,False
14803,True
14805,True
14806,True
14808,True
14810,False
14811,True
14813,True
14819,True
14823,True
14825,True
14826,False
14827,True
14829,True
14830,False
14832,False
14833,True
14836,True
14837,True
14840,True
14841,True
14843,False
14845,True
14849,True
14877,True
14878,False
14880,True
14881,True
14883,True
14886,False
14889,True
14890,False
14891,False
14895,False
14914,True
14915,True
14916,True
14917,True
14918,True
14921,True
14922,True
14927,True
14952,True
14954,True
14957,True
14959,True
14978,False
14979,True
14980,False
14981,False
14982,False
14985,False
14986,False
14987,False
14988,False
14989,False
14990,False
14991,False
14995,False
14996,False
14997,False
14998,True
15001,False
15002,False
15003,True
15004,True
15006,False
15007,False
15008,False
15009,False
15010,False
15016,False
15019,False
15022,False
15072,False
15074,False
15077,False
15089,False
15103,True
15104,True
15105,True
15106,True
15107,True
15115,True
15121,True
15122,True
15123,True
15136,False
15148,True
15167,True
15175,False
15176,False
15177,False
15178,False
15179,False
15180,False
15181,False
15182,False
15183,False
15184,False
15186,False
15187,False
15188,False
15189,False
15190,False
15191,False
15192,True
15193,False
15194,False
15195,False
15196,False
15197,False
15200,False
15201,False
15202,False
15203,False
15205,True
15206,True
15207,True
15208,False
15209,False
15211,True
15212,False
15213,False
15214,True
15215,True
15218,True
15219,True
15220,True
15221,True
15222,True
15223,False
15225,False
15226,False
15228,True
15229,True
15230,True
15232,True
15233,False
15244,False
15242,True
15265,False
15280,True
15282,False
15283,False
15284,False
15285,True
15286,False
15287,True
15288,False
15291,True
15292,False
15294,True
15296,False
15297,True
15298,True
15299,True
15308,True
15309,True
15311,False
15329,False
15332,True
15346,True
15347,True
15348,True
15350,True
15354,True
15355,True
15357,True
15358,True
15359,True
15362,True
15363,True
15364,True
15365,True
15366,True
15368,True
15369,True
15370,True
15373,True
15374,True
15377,True
15383,True
15390,True
15401,False
15402,False
15403,False
15405,False
15406,False
15407,False
15408,False
15409,False
15410,False
15411,False
15412,False
15413,False
15415,False
15416,False
15417,False
15418,False
15419,True
15420,True
15421,True
15422,True
15423,False
15424,True
15425,True
15426,False
15427,False
15428,False
15429,True
15430,False
15431,False
15433,False
15434,False
15435,False
15436,False
15437,False
15438,False
15439,True
15440,False
15441,False
15442,False
15446,False
15450,False
15451,True
15452,True
15454,True
15456,True
15457,True
15464,False
15494,False
15496,True
15497,True
15498,True
15501,True
15532,True
15534,True
15538,True
15540,True
15563,True
15564,True
15574,False
15575,False
15577,True
15593,True
15595,True
15597,True
15598,True
15600,True
15601,True
15611,False
15615,True
15619,True
15621,True
15622,True
15623,True
15637,True
15638,False
15639,False
15640,False
15641,False
15642,False
15643,False
15644,True
15645,False
15646,False
15648,False
15650,False
15652,False
15656,False
15673,False
15674,False
15675,False
15676,False
15677,False
15678,False
15679,False
15680,False
15681,False
15682,True
15683,True
15684,False
15685,True
15686,True
15688,True
15689,True
15690,False
15691,False
15692,True
15694,True
15695,True
15696,True
15697,True
15698,True
15699,True
15700,False
15703,True
15705,True
15706,True
15707,False
15708,False
15709,False
15710,False
15713,True
15717,True
15719,True
15721,True
15741,False
15742,False
15747,False
15750,False
15751,False
15752,True
15753,False
15755,True
15756,True
15759,True
15760,False
15761,True
15762,True
15782,False
15783,False
15785,False
15786,False
15787,False
15789,False
15794,False
15795,True
15797,True
15798,True
15800,True
15801,True
15802,True
15803,True
15804,True
15805,True
15807,True
15813,True
15818,True
15825,True
15827,True
15829,False
15836,True
15837,True
15864,False
15865,False
15866,False
15867,False
15868,False
15869,False
15871,False
15872,False
15873,False
15874,False
15876,False
15877,False
15878,False
15880,False
15884,True
15885,False
15886,False
15887,False
15888,False
15890,True
15891,False
15894,False
15896,False
15897,False
15898,False
15899,True
15900,False
15901,True
15902,False
15903,True
15904,True
15906,False
15909,False
15922,False
15930,False
15937,False
15955,False
15965,True
15966,False
15969,False
15981,True
16004,False
16005,False
16028,False
16029,False
16030,True
16044,False
16048,False
16049,False
16050,False
16052,False
16053,False
16055,False
16056,False
16057,False
16064,True
16068,False
16071,False
16072,False
16075,True
16080,True
16084,True
16094,False
16095,False
16096,False
16097,False
16101,False
16102,False
16103,False
16104,False
16105,False
16108,True
16109,False
16115,False
16124,False
16125,False
16126,False
16127,False
16129,False
16132,False
16137,False
16181,False
16182,False
16183,False
16184,False
16185,False
16186,False
16187,True
16188,False
16202,True
16203,True
16204,True
16205,True
16206,True
16207,True
16208,True
16210,True
16212,True
16213,True
16214,True
16215,True
16216,True
16217,True
16220,True
16221,True
16222,True
16240,False
16242,False
16243,False
16244,False
16245,False
16246,False
16247,False
16249,False
16250,False
16251,False
16252,False
16253,False
16254,False
16255,True
16256,False
16257,False
16258,False
16259,False
16260,False
16261,False
16262,False
16264,True
16265,False
16266,False
16267,False
16268,False
16269,False
16270,False
16271,False
16272,False
16273,False
16274,False
16275,False
16276,False
16277,False
16278,False
16279,True
16280,False
16282,False
16283,False
16284,False
16285,False
16286,False
16288,False
16289,False
16292,False
16293,False
16295,False
16296,False
16299,False
16301,False
16302,False
16306,False
16307,False
16308,False
16309,False
16314,False
16316,False
16318,True
16327,False
16328,False
16329,False
16330,False
16332,True
16337,False
16338,False
16339,False
16340,False
16341,False
16342,False
16343,False
16344,False
16345,False
16346,True
16347,False
16348,True
16349,True
16350,True
16351,False
16352,True
16354,True
16355,False
16357,False
16359,False
16360,False
16361,False
16363,True
16366,False
16367,False
16368,True
16369,True
16372,False
16374,False
16377,False
16382,True
16390,False
16391,False
16392,False
16395,False
16397,False
16398,False
16400,False
16401,False
16403,False
16404,False
16405,False
16407,False
16409,False
16410,False
16412,False
16413,True
16415,False
16416,True
16417,False
16419,True
16420,False
16423,True
16426,True
16429,False
16430,False
16439,False
16440,False
16441,False
16442,False
16444,True
16445,False
16446,False
16447,False
16451,True
16452,True
16457,True
16460,False
16479,False
16493,False
16494,False
16495,True
16497,False
16515,False
16519,False
16547,False
16548,False
16549,False
16550,False
16551,True
16552,True
16557,True
16560,False
16567,False
16568,False
16569,False
16570,False
16571,False
16572,False
16573,False
16574,False
16575,False
16576,False
16577,False
16579,False
16580,False
16581,False
16582,False
16583,False
16584,False
16585,False
16586,False
16587,False
16588,False
16589,False
16590,False
16591,False
16592,False
16594,False
16595,False
16599,False
16600,False
16603,False
16607,True
16610,False
16612,False
16613,True
16614,False
16615,False
16616,False
16617,False
16618,False
16620,False
16621,False
16625,True
16626,False
16627,False
16628,True
16632,False
16633,False
16637,True
16638,False
16639,False
16640,True
16641,False
16664,False
16671,False
16672,False
16673,False
16675,False
16676,False
16677,False
16680,False
16681,False
16682,False
16683,False
16685,False
16686,False
16687,False
16689,False
16690,False
16693,False
16699,False
16731,False
16744,True
16749,True
16750,True
16781,False
16783,False
16784,False
16785,False
16786,False
16787,False
16788,False
16789,False
16790,False
16791,False
16792,False
16793,False
16794,False
16795,False
16796,False
16797,False
16798,False
16801,True
16802,False
16803,True
16804,False
16805,False
16806,False
16808,True
16810,False
16811,False
16813,False
16814,False
16816,True
16821,True
16823,False
16845,False
16847,False
16848,False
16849,False
16850,False
16851,False
16852,False
16853,False
16854,False
16855,False
16856,False
16857,False
16859,False
16861,False
16862,False
16863,False
16866,False
16868,False
16870,True
16872,False
16873,False
16874,False
16876,False
16877,False
16881,False
16894,False
16909,False
16910,False
16913,True
16916,True
16936,True
16944,False
16945,False
16946,False
16947,False
16949,False
16950,False
16951,False
16952,False
16953,False
16954,False
16955,False
16956,False
16957,False
16958,False
16959,False
16960,False
16962,False
16963,False
16964,False
16967,False
16970,False
16972,False
16975,False
16976,False
16977,False
16978,True
16980,True
17002,False
17003,False
17004,False
17005,False
17006,False
17007,False
17008,True
17009,False
17010,True
17011,False
17031,False
17033,False
17034,False
17035,False
17036,False
17037,True
17038,False
17039,False
17040,False
17041,False
17042,False
17043,True
17044,False
17045,False
17047,False
17048,False
17049,False
17050,False
17051,False
17052,False
17054,False
17055,False
17057,False
17058,False
17059,False
17060,False
17061,False
17063,False
17064,False
17068,False
17076,False
17079,True
17087,False
17129,False
17130,True
17131,True
17149,False
17150,False
17154,True
17156,True
17161,False
17163,True
17210,True
17227,True
17233,False
17235,False
17237,True
17238,True
17239,True
17240,True
17242,False
17243,False
17244,True
17249,True
17250,False
17253,True
17264,True
17279,False
17280,False
17281,False
17283,False
17284,False
17286,True
17287,False
17288,True
17289,False
17290,False
17291,True
17292,False
17298,True
17300,True
17304,True
17316,False
17319,False
17320,False
17333,True
17334,False
17335,False
17338,False
17339,False
17340,True
17341,False
17342,False
17343,True
17345,True
17346,False
17348,True
17379,False
17383,True
17384,True
17386,True
17396,False
17397,False
17399,False
17401,True
17402,True
17405,False
17406,False
17407,False
17408,False
17409,False
17410,True
17411,True
17416,False
17418,False
17419,True
17422,False
17424,False
17425,True
17428,False
17429,True
17426,False
17434,False
17435,False
17437,False
17445,True
17453,False
17455,False
17456,True
17459,False
17460,False
17462,False
17463,True
17464,False
17465,False
17467,True
17468,True
17469,False
17470,False
17471,False
17472,False
17473,False
17474,False
17475,False
17480,True
17482,True
17484,True
17485,True
17487,False
17488,True
17496,False
17512,False
17513,False
17514,False
17515,False
17516,False
17517,False
17518,False
17519,False
17520,False
17521,False
17522,False
17523,False
17524,False
17525,False
17526,False
17527,True
17528,False
17529,False
17530,False
17532,False
17533,False
17536,False
17538,False
17539,True
17541,False
17542,False
17544,False
17545,True
17546,False
17547,False
17553,False
17555,False
17560,True
17575,True
17582,True
17583,True
17587,False
17590,False
17592,False
17593,False
17594,False
17595,True
17596,True
17597,True
17598,True
17599,False
17600,False
17601,False
17602,False
17603,False
17604,False
17606,False
17608,True
17609,True
17610,True
17613,False
17614,False
17617,True
17619,True
17622,True
17623,True
17624,True
17625,False
17627,False
17628,False
17635,True
17657,True
17658,False
17660,True
17727,False
17728,False
17729,False
17730,False
17731,False
17732,False
17733,False
17734,False
17735,False
17736,False
17737,False
17738,False
17739,False
17740,False
17741,False
17742,False
17743,False
17746,False
17747,False
17752,False
17753,False
17745,False
17758,False
17759,False
17760,False
17761,False
17765,False
17793,False
17808,True
17812,True
17814,True
17818,True
17822,True
17827,True
17831,True
17851,True
17852,True
17853,True
17854,True
17856,True
17857,True
17858,True
17859,True
17860,True
17861,True
17866,True
17867,True
17868,True
17869,True
17870,True
17871,True
17875,True
17880,True
17881,True
17883,True
17917,False
17926,False
17932,True
17937,True
17964,True
17966,False
17970,True
17976,True
17987,False
17988,False
17992,True
17995,True
17996,False
18000,True
18010,True
18011,True
18015,True
18019,True
18025,False
18027,False
18028,False
18029,False
18030,False
18031,False
18032,False
18033,False
18039,True
18054,False
18060,False
18061,True
18062,False
18078,False
18081,False
18095,False
18096,False
18097,False
18099,True
18100,True
18102,False
18103,True
18104,False
18107,False
18108,False
18109,False
18111,True
18115,True
18116,False
18122,False
18140,True
18141,True
18142,True
18146,True
18150,True
18151,True
18154,True
18186,False
18187,False
18190,False
18191,False
18194,True
18197,False
18199,False
18203,False
18204,False
18206,False
18208,False
18209,False
18215,True
18216,False
18235,False
18236,False
18238,False
18241,False
18242,False
18249,True
18250,False
18251,False
18252,False
18253,False
18255,False
18259,True
18260,True
18266,True
18273,True
18280,True
18285,True
18287,True
18288,True
18289,True
18292,True
18293,True
18295,True
18299,True
18300,True
18307,True
18347,True
18355,False
18362,True
18375,False
18377,False
18379,False
18381,False
18386,False
18400,True
18410,True
18411,True
18413,True
18422,False
18423,False
18447,False
18472,False
18474,True
18475,True
18476,True
18477,True
18478,True
18479,True
18480,True
18481,True
18482,True
18485,True
18486,True
18487,True
18488,False
18489,True
18491,True
18493,True
18494,True
18495,True
18496,True
18499,True
18505,True
18513,True
18522,False
18523,False
18528,False
18529,False
18534,True
18535,False
18568,False
18575,True
18594,False
18613,False
18614,False
18615,False
18616,False
18617,False
18619,False
18622,False
18623,True
18625,False
18630,True
18661,False
18669,False
18670,False
18677,False
18678,False
18704,False
18705,False
18709,False
18710,False
18711,False
18712,False
18714,False
18716,False
18706,False
18717,False
18718,False
18719,True
18720,False
18721,False
18722,False
18723,False
18724,False
18726,False
18727,True
18728,False
18729,False
18730,False
18731,False
18732,False
18734,False
18736,False
18737,False
18738,False
18740,False
18742,False
18743,False
18744,False
18746,False
18749,True
18751,False
18753,False
18756,False
18758,False
18762,False
18763,True
18766,False
18768,True
18786,False
18791,False
18793,False
18794,False
18795,False
18796,False
18799,False
18800,True
18801,False
18802,False
18803,False
18805,False
18808,False
18809,False
18811,False
18813,False
18814,False
18816,False
18817,False
18818,False
18820,False
18822,True
18859,True
18879,False
18889,False
18891,True
18893,False
18895,False
18897,False
18912,False
18919,False
18920,False
18921,False
18922,False
18923,False
18924,False
18925,False
18926,False
18927,False
18928,False
18929,False
18930,True
18931,False
18932,False
18933,True
18934,False
18935,False
18936,False
18938,True
18939,False
18940,False
18941,False
18942,False
18943,True
18944,False
18945,False
18946,True
18947,False
18948,True
18949,True
18950,True
18951,False
18952,True
18953,True
18954,True
18956,False
18957,False
18958,True
18959,True
18961,True
18962,True
18964,False
18965,True
18966,True
18967,True
18969,True
18973,True
18974,True
18976,True
18981,False
18985,True
18995,False
18996,False
18997,False
18998,False
18999,True
19000,False
19001,False
19002,False
19003,False
19004,False
19005,False
19006,False
19007,False
19008,False
19009,False
19011,True
19013,False
19014,False
19015,False
19016,False
19017,False
19018,False
19022,False
19023,False
19024,False
19025,False
19026,False
19027,False
19030,False
19031,False
19032,False
19033,False
19038,True
19042,False
19052,True
19068,True
19086,True
19094,False
19108,True
19109,True
19162,False
19163,False
19164,False
19174,True
19197,False
19198,False
19199,False
19200,False
19201,False
19202,False
19203,True
19204,True
19205,False
19206,False
19208,False
19209,False
19211,True
19212,True
19210,False
19222,False
19224,True
19246,False
19247,False
19262,False
19263,False
19264,False
19265,False
19266,False
19269,False
19270,False
19274,True
19275,False
19277,False
19305,True
19323,False
19324,False
19325,False
19326,False
19327,False
19328,False
19329,False
19330,False
19332,False
19333,True
19334,False
19336,False
19337,False
19339,False
19341,False
19344,True
19347,False
19348,True
19349,True
19353,True
19357,False
19373,False
19381,True
19395,True
19422,False
19434,True
19435,True
19436,True
19437,True
19438,True
19440,True
19441,True
19442,True
19443,True
19444,True
19445,True
19447,True
19448,True
19449,True
19450,True
19451,True
19454,True
19467,False
19468,False
19474,True
19475,False
19477,False
19494,True
19495,True
19500,True
19502,True
19522,False
19523,False
19525,False
19545,False
19547,False
19555,False
19558,True
19559,True
19563,True
19567,True
19570,False
19604,False
19606,False
19607,False
19608,False
19609,False
19610,False
19611,True
19612,False
19613,False
19614,False
19615,True
19616,False
19619,True
19621,True
19622,True
19623,True
19624,False
19620,True
19627,True
19628,True
19629,True
19632,True
19637,True
19658,False
19659,False
19660,False
19661,False
19662,False
19663,True
19664,False
19665,False
19666,False
19667,False
19668,False
19669,False
19670,False
19671,False
19672,False
19673,False
19674,False
19675,False
19676,False
19677,True
19678,False
19679,False
19680,False
19681,False
19682,True
19683,False
19684,False
19685,False
19686,True
19687,False
19688,False
19689,False
19690,True
19692,False
19693,False
19696,False
19697,False
19698,False
19704,False
19709,False
19710,False
19712,False
19725,False
19733,False
19735,False
19737,False
19738,False
19739,False
19740,False
19741,True
19743,False
19744,False
19745,False
19750,False
19751,True
19753,True
19755,True
19757,False
19758,True
19759,True
19760,False
19761,False
19763,False
19766,False
19767,False
19770,True
19772,True
19773,True
19775,False
19779,True
19783,True
19748,False
19790,True
19762,True
19807,True
19855,False
19856,False
19857,True
19858,False
19859,True
19864,True
19865,True
19867,True
19880,False
19881,False
19885,False
19886,False
19887,False
19888,False
19889,False
19890,True
19891,False
19892,False
19893,False
19894,True
19895,False
19899,True
19900,False
19901,True
19903,False
19904,True
19907,False
19913,True
19919,False
19922,True
19945,False
19946,False
19947,False
19948,False
19949,True
19951,True
19952,True
19953,True
19954,True
19955,True
19957,True
19958,False
19960,True
19962,True
19963,False
19964,True
19965,True
20003,True
20004,False
20005,False
20006,True
20007,False
20010,False
20027,True
20034,True
20048,False
20052,False
20054,False
20061,False
20062,False
20063,False
20064,False
20066,False
20065,False
20067,False
20068,False
20069,False
20070,False
20071,False
20072,False
20074,False
20075,False
20076,False
20077,False
20078,False
20079,True
20080,True
20081,False
20083,False
20084,False
20085,False
20086,False
20088,False
20089,False
20091,True
20092,True
20095,False
20096,True
20097,False
20098,True
20099,True
20100,True
20101,True
20102,False
20103,False
20104,False
20106,False
20107,False
20109,False
20111,False
20112,False
20113,True
20114,True
20117,False
20119,False
20120,False
20137,False
20146,False
20147,False
20149,False
20150,False
20152,False
20155,False
20157,True
20158,False
20180,False
20182,False
20186,False
20189,True
20194,False
20239,False
20240,False
20243,False
20271,True
20288,True
20289,True
20293,True
20298,True
20309,False
20310,False
20311,True
20324,False
20332,False
20333,True
20339,False
20341,False
20343,False
20345,False
20349,False
20350,False
20351,False
20357,True
20359,False
20379,False
20381,False
20382,False
20383,False
20384,False
20385,False
20386,False
20387,False
20388,False
20389,False
20390,False
20391,False
20392,False
20393,False
20394,False
20395,False
20396,False
20397,False
20398,False
20399,False
20400,False
20401,False
20402,False
20403,False
20404,False
20405,False
20406,False
20407,False
20408,False
20409,False
20410,False
20411,False
20412,False
20413,False
20414,False
20415,False
20416,False
20417,False
20418,False
20419,False
20420,False
20421,False
20422,False
20423,False
20424,False
20425,False
20426,False
20427,False
20428,False
20429,False
20430,True
20431,False
20432,False
20433,False
20434,False
20435,False
20436,False
20438,False
20439,False
20440,False
20441,False
20442,False
20443,False
20444,False
20445,False
20446,False
20447,False
20448,False
20449,False
20450,False
20451,False
20453,False
20454,False
20455,False
20456,False
20457,False
20458,False
20459,False
20466,False
20469,False
20472,False
20475,False
20486,False
20488,True
20490,False
20491,True
20494,False
20495,True
20499,False
20501,True
20510,False
20529,False
20530,False
20531,False
20532,False
20533,False
20534,False
20536,True
20537,False
20538,True
20540,True
20542,True
20543,True
20545,True
20548,True
20549,False
20550,True
20557,True
20560,True
20563,True
20565,False
20569,True
20585,False
20586,True
20587,False
20588,False
20589,True
20590,False
20591,True
20592,False
20593,False
20594,False
20596,False
20597,True
20598,True
20599,True
20600,True
20601,True
20602,True
20603,True
20604,False
20605,True
20606,True
20608,False
20609,False
20610,True
20611,False
20612,True
20614,False
20615,False
20617,False
20618,True
20619,False
20620,False
20621,True
20623,False
20625,False
20626,True
20627,False
20628,True
20629,False
20630,True
20631,False
20632,True
20633,True
20635,False
20636,True
20637,False
20642,True
20647,False
20624,True
20664,False
20665,False
20666,False
20667,False
20670,False
20671,False
20672,False
20673,False
20674,False
20675,False
20676,False
20677,False
20678,False
20679,False
20680,False
20681,False
20682,True
20683,True
20684,False
20685,False
20686,False
20687,True
20688,False
20689,False
20690,False
20692,True
20693,True
20695,False
20697,False
20698,True
20699,False
20700,False
20701,False
20702,False
20703,False
20704,False
20706,False
20707,True
20711,True
20712,True
20713,True
20714,False
20715,True
20726,False
20742,False
20744,False
20745,False
20746,False
20747,False
20748,False
20749,True
20751,True
20753,False
20809,False
20825,False
20877,False
20881,False
20882,False
20898,False
20920,True
20921,True
20922,False
20923,True
20924,True
20925,True
20926,True
20929,True
20930,True
20931,True
20932,True
20933,True
20934,True
20939,True
20940,True
20942,True
20943,True
20954,True
20962,False
20963,False
20964,False
20965,False
20968,False
20969,False
20970,False
20971,False
20972,False
20973,False
20974,False
20978,False
21012,False
21013,False
21014,False
21015,False
21016,False
21017,False
21018,False
21020,False
21022,False
21023,False
21025,False
21026,False
21027,False
21029,False
21030,False
21031,False
21032,True
21033,False
21034,False
21037,False
21038,False
21040,True
21041,True
21042,True
21043,False
21044,False
21045,False
21046,False
21052,False
21049,False
21055,False
21060,True
21069,False
21079,True
21095,False
21096,False
21097,False
21098,False
21099,False
21100,False
21102,False
21103,True
21104,False
21105,False
21106,True
21107,False
21108,False
21109,False
21110,False
21111,False
21112,True
21101,False
21113,False
21114,False
21115,True
21116,False
21117,False
21118,False
21119,False
21120,False
21121,False
21122,False
21123,True
21124,False
21125,False
21126,False
21127,False
21128,False
21129,False
21130,True
21132,False
21133,False
21134,False
21136,False
21137,True
21138,True
21139,False
21144,False
21146,True
21147,False
21148,False
21150,True
21151,False
21172,False
21174,False
21177,True
21218,False
21220,False
21221,False
21222,False
21223,False
21226,True
21234,True
21236,True
21238,True
21253,False
21254,False
21255,False
21256,False
21257,False
21260,False
21262,False
21263,False
21264,False
21265,False
21266,False
21267,False
21268,False
21269,True
21270,False
21271,True
21272,True
21273,True
21275,True
21278,False
21279,False
21282,False
21283,False
21290,True
21310,False
21311,False
21314,False
21355,True
21357,False
21371,False
21372,False
21373,False
21374,False
21375,True
21377,False
21379,False
21380,True
21381,True
21385,False
21386,False
21387,False
21389,False
21390,False
21391,False
21392,True
21431,True
21462,True
21464,True
21465,True
21466,True
21471,True
21489,False
21491,False
21492,False
21493,False
21494,False
21495,False
21496,False
21497,False
21498,False
21499,False
21500,False
21501,False
21502,False
21503,False
21504,False
21505,False
21506,False
21507,False
21508,False
21510,False
21511,False
21512,False
21513,False
21514,False
21515,False
21516,False
21517,False
21518,False
21519,False
21520,False
21521,False
21522,False
21523,False
21524,False
21525,False
21526,False
21527,False
21528,False
21529,False
21530,False
21531,False
21533,False
21534,False
21536,False
21537,False
21538,False
21539,False
21540,False
21541,False
21542,False
21544,False
21546,False
21548,False
21550,False
21552,True
21553,True
21559,False
21561,False
21562,False
21565,False
21570,False
21582,True
21584,True
21596,False
21597,False
21598,False
21599,False
21600,False
21601,False
21603,False
21605,False
21606,False
21608,False
21609,False
21611,False
21612,False
21613,False
21617,True
21618,False
21620,False
21622,False
21625,False
21626,False
21657,True
21659,True
21661,False
21665,True
21675,False
21676,False
21677,False
21678,True
21680,True
21682,False
21683,False
21684,False
21685,False
21686,True
21687,True
21689,True
21691,False
21692,False
21693,False
21698,False
21699,False
21701,True
21702,False
21703,False
21730,False
21732,False
21736,False
21737,True
21739,False
21741,False
21746,True
21756,False
21768,False
21769,True
21770,False
21771,True
21772,True
21773,True
21775,True
21778,True
21783,True
21789,True
21798,False
21803,False
21829,True
21839,False
21856,False
21857,False
21858,False
21860,False
21861,True
21862,False
21863,False
21864,False
21865,False
21866,False
21867,False
21869,False
21871,False
21873,False
21874,False
21875,False
21876,False
21877,False
21878,True
21882,False
21883,False
21885,False
21909,True
21932,True
21957,True
21959,True
21960,True
21961,True
21963,True
21964,True
21965,True
21969,True
21970,True
21974,True
21981,True
22013,False
22014,True
22018,True
22019,False
22039,True
22040,True
22041,True
22042,True
22043,True
22044,True
22045,True
22046,True
22047,True
22048,True
22050,True
22051,True
22052,True
22053,True
22055,True
22057,True
22059,True
22060,True
22063,True
22082,True
22096,False
22097,False
22098,False
22100,True
22103,True
22109,True
22111,False
22133,True
22136,True
22147,False
22159,False
22161,False
22162,False
22163,False
22164,False
22165,False
22166,False
22167,True
22168,False
22169,False
22170,False
22171,False
22172,False
22173,False
22177,False
22178,False
22180,False
22198,False
22206,False
22218,True
22219,True
22220,False
22221,False
22235,True
22260,True
22262,False
22271,True
22273,False
22275,True
22290,True
22293,False
22302,False
22303,False
22305,False
22306,False
22307,False
22308,False
22309,True
22312,True
22314,True
22316,False
22340,True
22345,True
22348,True
22360,False
22363,False
22376,False
22377,True
22378,False
22379,False
22380,False
22381,True
22382,False
22383,False
22386,True
22389,False
22391,False
22394,False
22395,False
22398,False
22401,True
22402,False
22411,True
22429,True
22430,True
22433,True
22437,False
22469,True
22472,True
22474,False
22477,False
22484,False
22485,False
22486,False
22502,True
22505,True
22507,True
22508,True
22528,True
22530,True
22531,True
22532,True
22534,True
22535,False
22537,True
22558,False
22562,False
22563,False
22564,False
22565,False
22568,False
22569,False
22570,False
22601,False
22604,False
22606,False
22608,True
22642,False
22645,False
22646,False
22648,False
22649,False
22650,False
22651,False
22652,False
22653,False
22654,False
22655,False
22656,False
22647,False
22657,False
22658,False
22659,False
22661,True
22662,False
22663,False
22664,True
22665,False
22667,False
22668,True
22669,False
22670,True
22671,False
22672,False
22673,False
22674,True
22675,True
22676,False
22677,False
22678,False
22680,False
22681,False
22683,False
22684,False
22685,False
22686,False
22687,False
22691,False
22693,False
22696,False
22702,True
22704,False
22705,False
22709,False
22713,True
22714,False
22717,False
22737,True
22742,True
22746,False
22747,False
22748,False
22749,False
22750,False
22751,False
22752,False
22754,False
22755,False
22756,False
22758,True
22760,False
22762,False
22763,False
22764,False
22766,False
22772,False
22774,True
22785,False
22787,False
22792,True
22816,False
22817,False
22818,False
22819,False
22820,False
22821,False
22824,True
22825,True
22826,True
22870,False
22871,False
22872,False
22873,False
22874,False
22875,False
22876,False
22877,False
22878,False
22879,False
22880,False
22881,False
22882,False
22883,True
22885,False
22887,True
22889,False
22890,False
22891,False
22892,False
22893,False
22894,False
22895,False
22896,False
22897,False
22898,True
22899,False
22900,True
22902,False
22903,False
22905,False
22910,True
22912,True
22913,False
22916,True
22917,False
22918,False
22920,True
